<?xml version="1.0" encoding="UTF-8"?><rss version="2.0"
	xmlns:content="http://purl.org/rss/1.0/modules/content/"
	xmlns:wfw="http://wellformedweb.org/CommentAPI/"
	xmlns:dc="http://purl.org/dc/elements/1.1/"
	xmlns:atom="http://www.w3.org/2005/Atom"
	xmlns:sy="http://purl.org/rss/1.0/modules/syndication/"
	xmlns:slash="http://purl.org/rss/1.0/modules/slash/"
	>

<channel>
	<title>Terrorisme &#8211; Mali Live</title>
	<atom:link href="./index.html" rel="self" type="application/rss+xml" />
	<link>./../../../index.html</link>
	<description>Les dernières actualités du Mali, de l&#039;Afrique et du tiers Monde</description>
	<lastBuildDate>Sat, 30 Jul 2022 12:00:49 +0000</lastBuildDate>
	<language>fr-FR</language>
	<sy:updatePeriod>
	hourly	</sy:updatePeriod>
	<sy:updateFrequency>
	1	</sy:updateFrequency>
	<generator>https://wordpress.org/?v=6.0.1</generator>

<image>
	<url>./../../../wp-content/uploads/2022/07/cropped-Untitled-design-180x180-1-150x150.png</url>
	<title>Terrorisme &#8211; Mali Live</title>
	<link>./../../../index.html</link>
	<width>32</width>
	<height>32</height>
</image> 
	<item>
		<title>Bamako: La menace terroriste pèse sur le quotidien</title>
		<link>./../../../2022/07/29/bamako-la-menace-terroriste-pese-sur-le-quotidien/index.html</link>
					<comments>./../../../2022/07/29/bamako-la-menace-terroriste-pese-sur-le-quotidien/index.html#respond</comments>
		
		<dc:creator><![CDATA[Mali Live]]></dc:creator>
		<pubDate>Fri, 29 Jul 2022 18:53:59 +0000</pubDate>
				<category><![CDATA[Terrorisme]]></category>
		<guid isPermaLink="false">https://demo.afthemes.com/elegant-magazine/newsportal/?p=20</guid>

					<description><![CDATA[Bamako est en état d’alerte depuis plusieurs jours pour faire face à d’éventuelles attaques terroristes....]]></description>
										<content:encoded><![CDATA[<p>Bamako est en &eacute;tat d&rsquo;alerte depuis plusieurs jours pour faire face &agrave; d&rsquo;&eacute;ventuelles attaques terroristes. L&rsquo;offensive contre le camp de Kati a sem&eacute; la peur. Les groupes arm&eacute;s qualifi&eacute;s de terroristes restent sur un cycle de violences sans pr&eacute;c&eacute;dent. Depuis plusieurs jours, des attaques presque synchronis&eacute;es se d&eacute;roulent dans diff&eacute;rentes localit&eacute;s du pays et dans les environs de Bamako.</p>
<p><a href="./../../../2022/07/29/bamako-la-menace-terroriste-pese-sur-le-quotidien/index.html" rel="nofollow">Source</a></p>]]></content:encoded>
					
					<wfw:commentRss>./../../../2022/07/29/bamako-la-menace-terroriste-pese-sur-le-quotidien/feed/index.html</wfw:commentRss>
			<slash:comments>0</slash:comments>
		
		
			</item>
	</channel>
</rss>
