<?xml version="1.0" encoding="UTF-8"?><rss version="2.0"
	xmlns:content="http://purl.org/rss/1.0/modules/content/"
	xmlns:wfw="http://wellformedweb.org/CommentAPI/"
	xmlns:dc="http://purl.org/dc/elements/1.1/"
	xmlns:atom="http://www.w3.org/2005/Atom"
	xmlns:sy="http://purl.org/rss/1.0/modules/syndication/"
	xmlns:slash="http://purl.org/rss/1.0/modules/slash/"
	>

<channel>
	<title>Sports &#8211; Mali Live</title>
	<atom:link href="./index.html" rel="self" type="application/rss+xml" />
	<link>./../../../index.html</link>
	<description>Site d&#039;actualité et d&#039;informations sur le Mali</description>
	<lastBuildDate>Thu, 11 Aug 2022 16:12:27 +0000</lastBuildDate>
	<language>fr-FR</language>
	<sy:updatePeriod>
	hourly	</sy:updatePeriod>
	<sy:updateFrequency>
	1	</sy:updateFrequency>
	<generator>https://wordpress.org/?v=6.0.1</generator>

<image>
	<url>./../../../wp-content/uploads/2022/07/cropped-Untitled-design-180x180-1-150x150.png</url>
	<title>Sports &#8211; Mali Live</title>
	<link>./../../../index.html</link>
	<width>32</width>
	<height>32</height>
</image> 
	<item>
		<title>West Champions Cup : le Mali représenté par le Djoliba AC</title>
		<link>./../../../2022/08/11/west-champions-cup-le-mali-represente-par-le-djoliba-ac/index.html</link>
					<comments>./../../../2022/08/11/west-champions-cup-le-mali-represente-par-le-djoliba-ac/index.html#respond</comments>
		
		<dc:creator><![CDATA[Mali Live]]></dc:creator>
		<pubDate>Thu, 11 Aug 2022 16:12:23 +0000</pubDate>
				<category><![CDATA[Sports]]></category>
		<category><![CDATA[Mali]]></category>
		<guid isPermaLink="false">./../../../index.html?p=1025</guid>

					<description><![CDATA[Du 21 au 25 août prochain, la Guinée vibrera au rythme de la première édition...]]></description>
										<content:encoded><![CDATA[<p>Du 21 au 25 ao&ucirc;t prochain, la Guin&eacute;e vibrera au rythme de la premi&egrave;re &eacute;dition de la West Africa Champions Cup. Quatre &eacute;quipes au total sont inscrites sur la liste dont le Djoliba AC qui repr&eacute;sentera le Mali. &laquo; Permettre aux &eacute;quipes retenues pour les comp&eacute;titions continentales de pouvoir se pr&eacute;parer pour ces &eacute;ch&eacute;ances &raquo; c&rsquo;est ce que les initiateurs esp&egrave;rent avec la premi&egrave;re &eacute;dition du West Africa...</p>
<p><a href="./../../../2022/08/11/west-champions-cup-le-mali-represente-par-le-djoliba-ac/index.html" rel="nofollow">Source</a></p>]]></content:encoded>
					
					<wfw:commentRss>./../../../2022/08/11/west-champions-cup-le-mali-represente-par-le-djoliba-ac/feed/index.html</wfw:commentRss>
			<slash:comments>0</slash:comments>
		
		
			</item>
		<item>
		<title>Les matches de qualifications de la CAN reporter</title>
		<link>./../../../2022/07/29/can-2024-les-matches-de-qualifications-repousses-a-mars-2023/index.html</link>
					<comments>./../../../2022/07/29/can-2024-les-matches-de-qualifications-repousses-a-mars-2023/index.html#respond</comments>
		
		<dc:creator><![CDATA[Mali Live]]></dc:creator>
		<pubDate>Fri, 29 Jul 2022 18:58:52 +0000</pubDate>
				<category><![CDATA[Sports]]></category>
		<category><![CDATA[Football]]></category>
		<guid isPermaLink="false">https://demo.afthemes.com/elegant-magazine/newsportal/?p=26</guid>

					<description><![CDATA[Les journées de qualifications pour la Coupe d&#8217;Afrique des Nations (CAN) prévues en septembre ont...]]></description>
										<content:encoded><![CDATA[<p>Les journ&eacute;es de qualifications pour la Coupe d&rsquo;Afrique des Nations (CAN) pr&eacute;vues en septembre ont &eacute;t&eacute; repouss&eacute;es au mois de mars 2023. Ce report permet aux cinq mondialistes du continent de disputer &agrave; la place des matches de pr&eacute;paration pour la Coupe du monde au Qatar (21 novembre-18 d&eacute;cembre), comme ils l&rsquo;avaient demand&eacute;. La CAN, pr&eacute;vue en juin 2023 en C&ocirc;te d&rsquo;Ivoire, a &eacute;t&eacute; report&eacute;e &agrave; janvier...</p>
<p><a href="./../../../2022/07/29/can-2024-les-matches-de-qualifications-repousses-a-mars-2023/index.html" rel="nofollow">Source</a></p>]]></content:encoded>
					
					<wfw:commentRss>./../../../2022/07/29/can-2024-les-matches-de-qualifications-repousses-a-mars-2023/feed/index.html</wfw:commentRss>
			<slash:comments>0</slash:comments>
		
		
			</item>
	</channel>
</rss>
