<?xml version="1.0" encoding="UTF-8"?><rss version="2.0"
	xmlns:content="http://purl.org/rss/1.0/modules/content/"
	xmlns:wfw="http://wellformedweb.org/CommentAPI/"
	xmlns:dc="http://purl.org/dc/elements/1.1/"
	xmlns:atom="http://www.w3.org/2005/Atom"
	xmlns:sy="http://purl.org/rss/1.0/modules/syndication/"
	xmlns:slash="http://purl.org/rss/1.0/modules/slash/"
	>

<channel>
	<title>Technologie &#8211; Mali Live</title>
	<atom:link href="./index.html" rel="self" type="application/rss+xml" />
	<link>./../../../index.html</link>
	<description>Les dernières actualités du Mali, de l&#039;Afrique et du tiers Monde</description>
	<lastBuildDate>Tue, 02 Aug 2022 18:47:43 +0000</lastBuildDate>
	<language>fr-FR</language>
	<sy:updatePeriod>
	hourly	</sy:updatePeriod>
	<sy:updateFrequency>
	1	</sy:updateFrequency>
	<generator>https://wordpress.org/?v=6.0.1</generator>

<image>
	<url>./../../../wp-content/uploads/2022/07/cropped-Untitled-design-180x180-1-150x150.png</url>
	<title>Technologie &#8211; Mali Live</title>
	<link>./../../../index.html</link>
	<width>32</width>
	<height>32</height>
</image> 
	<item>
		<title>Google lance officiellement Immersive View sur Maps</title>
		<link>./../../../2022/07/29/google-lance-officiellement-immersive-view-sur-maps/index.html</link>
					<comments>./../../../2022/07/29/google-lance-officiellement-immersive-view-sur-maps/index.html#respond</comments>
		
		<dc:creator><![CDATA[Mali Live]]></dc:creator>
		<pubDate>Fri, 29 Jul 2022 11:03:32 +0000</pubDate>
				<category><![CDATA[Technologie]]></category>
		<guid isPermaLink="false">https://demo.afthemes.com/covernews-pro/?p=6</guid>

					<description><![CDATA[Dans un billet de blog présentant la dernière mise à jour de&#160;Google Maps, la firme...]]></description>
										<content:encoded><![CDATA[<p>Dans un billet de blog pr&eacute;sentant la derni&egrave;re mise &agrave; jour de Google Maps, la firme de Mountain View a annonc&eacute; le lancement de sa nouvelle fonctionnalit&eacute; reposant sur des &laquo; vues a&eacute;riennes photo r&eacute;alistes &raquo;. Cet ajout est un premier pas vers ce que pourrait devenir Google Maps &agrave; l&rsquo;avenir. Annonc&eacute; lors du Google I/O en mai 2022 et baptis&eacute; &laquo; Immersive View &raquo;, ce nouvel outil va permettre aux...</p>
<p><a href="./../../../2022/07/29/google-lance-officiellement-immersive-view-sur-maps/index.html" rel="nofollow">Source</a></p>]]></content:encoded>
					
					<wfw:commentRss>./../../../2022/07/29/google-lance-officiellement-immersive-view-sur-maps/feed/index.html</wfw:commentRss>
			<slash:comments>0</slash:comments>
		
		
			</item>
		<item>
		<title>Les États-Unis ont du mal à se débarrasser des équipements de Huawei et ZTE</title>
		<link>./../../../2022/07/29/les-etats-unis-ont-du-mal-a-se-debarrasser-des-equipements-de-huawei-et-zte/index.html</link>
					<comments>./../../../2022/07/29/les-etats-unis-ont-du-mal-a-se-debarrasser-des-equipements-de-huawei-et-zte/index.html#respond</comments>
		
		<dc:creator><![CDATA[Mali Live]]></dc:creator>
		<pubDate>Fri, 29 Jul 2022 03:39:23 +0000</pubDate>
				<category><![CDATA[Technologie]]></category>
		<guid isPermaLink="false">https://demo.afthemes.com/elegant-magazine/newsportal/?p=82</guid>

					<description><![CDATA[Dans un article publié le 21 juillet 2022, Politico montre que les États-Unis peinent toujours à achever...]]></description>
										<content:encoded><![CDATA[<p>Dans un article publi&eacute; le 21 juillet 2022, Politico montre que les &Eacute;tats-Unis peinent toujours &agrave; achever la rupture avec Huawei et ses &eacute;quipements &agrave; risque. Une proc&eacute;dure pourtant entam&eacute;e par Donald Trump il y a d&eacute;j&agrave; quatre ans. Pourquoi du mat&eacute;riel d&rsquo;espionnage chinois pr&eacute;sum&eacute; se trouve encore dans les r&eacute;seaux de t&eacute;l&eacute;communications am&eacute;ricains ? C&rsquo;est la question &agrave; laquelle tente de r&eacute;pondre le...</p>
<p><a href="./../../../2022/07/29/les-etats-unis-ont-du-mal-a-se-debarrasser-des-equipements-de-huawei-et-zte/index.html" rel="nofollow">Source</a></p>]]></content:encoded>
					
					<wfw:commentRss>./../../../2022/07/29/les-etats-unis-ont-du-mal-a-se-debarrasser-des-equipements-de-huawei-et-zte/feed/index.html</wfw:commentRss>
			<slash:comments>0</slash:comments>
		
		
			</item>
	</channel>
</rss>
