<?xml version="1.0" encoding="UTF-8"?><rss version="2.0"
	xmlns:content="http://purl.org/rss/1.0/modules/content/"
	xmlns:wfw="http://wellformedweb.org/CommentAPI/"
	xmlns:dc="http://purl.org/dc/elements/1.1/"
	xmlns:atom="http://www.w3.org/2005/Atom"
	xmlns:sy="http://purl.org/rss/1.0/modules/syndication/"
	xmlns:slash="http://purl.org/rss/1.0/modules/slash/"
	>

<channel>
	<title>Economie &#8211; Mali Live</title>
	<atom:link href="./index.html" rel="self" type="application/rss+xml" />
	<link>./../../../index.html</link>
	<description>Site d&#039;actualité et d&#039;informations sur le Mali</description>
	<lastBuildDate>Thu, 11 Aug 2022 15:59:16 +0000</lastBuildDate>
	<language>fr-FR</language>
	<sy:updatePeriod>
	hourly	</sy:updatePeriod>
	<sy:updateFrequency>
	1	</sy:updateFrequency>
	<generator>https://wordpress.org/?v=6.0.1</generator>

<image>
	<url>./../../../wp-content/uploads/2022/07/cropped-Untitled-design-180x180-1-150x150.png</url>
	<title>Economie &#8211; Mali Live</title>
	<link>./../../../index.html</link>
	<width>32</width>
	<height>32</height>
</image> 
	<item>
		<title>La CEDEAO asphyxie les banques maliennes, le mensonge de Radio France Internationale</title>
		<link>./../../../2022/08/11/la-cedeao-asphyxie-les-banques-maliennes-le-mensonge-de-radio-france-internationale/index.html</link>
					<comments>./../../../2022/08/11/la-cedeao-asphyxie-les-banques-maliennes-le-mensonge-de-radio-france-internationale/index.html#respond</comments>
		
		<dc:creator><![CDATA[Mali Live]]></dc:creator>
		<pubDate>Thu, 11 Aug 2022 15:59:12 +0000</pubDate>
				<category><![CDATA[Economie]]></category>
		<category><![CDATA[Afrique]]></category>
		<category><![CDATA[Mali]]></category>
		<guid isPermaLink="false">./../../../index.html?p=1018</guid>

					<description><![CDATA[La CEDEAO et l&#8217;UEMOA sont prises en flagrant délit par les autorités maliennes de la...]]></description>
										<content:encoded><![CDATA[<p>La CEDEAO et l&rsquo;UEMOA sont prises en flagrant d&eacute;lit par les autorit&eacute;s maliennes de la transition pour non-respect des directives bancaires et financi&egrave;res conform&eacute;ment aux d&eacute;cisions communautaires. Le ministre de l&rsquo;&Eacute;conomie et des Finances du Mali a saisi son homologue togolais afin que ces deux institutions l&egrave;vent le coude pour le respect des dispositions l&eacute;gales et statutaires.</p>
<p><a href="./../../../2022/08/11/la-cedeao-asphyxie-les-banques-maliennes-le-mensonge-de-radio-france-internationale/index.html" rel="nofollow">Source</a></p>]]></content:encoded>
					
					<wfw:commentRss>./../../../2022/08/11/la-cedeao-asphyxie-les-banques-maliennes-le-mensonge-de-radio-france-internationale/feed/index.html</wfw:commentRss>
			<slash:comments>0</slash:comments>
		
		
			</item>
		<item>
		<title>Vie chère : Le Gouvernement décide d&#8217;agir</title>
		<link>./../../../2022/08/09/vie-chere-le-gouvernement-decide-dagir/index.html</link>
					<comments>./../../../2022/08/09/vie-chere-le-gouvernement-decide-dagir/index.html#respond</comments>
		
		<dc:creator><![CDATA[Mali Live]]></dc:creator>
		<pubDate>Tue, 09 Aug 2022 12:44:11 +0000</pubDate>
				<category><![CDATA[Economie]]></category>
		<category><![CDATA[Mali]]></category>
		<guid isPermaLink="false">./../../../index.html?p=989</guid>

					<description><![CDATA[Face à la détresse qu’une grande partie de la population, face à l’inflation des prix...]]></description>
										<content:encoded><![CDATA[<p>Face &agrave; la d&eacute;tresse qu&rsquo;une grande partie de la population, face &agrave; l&rsquo;inflation des prix des produits et articles sur le march&eacute;, le gouvernement a (enfin) d&eacute;cid&eacute; de r&eacute;agir. Un conseil des Ministres extraordinaire tenu le 07 Ao&ucirc;t pass&eacute;, rappelle que les commer&ccedil;ants et op&eacute;rateurs &eacute;conomiques maliens n&rsquo;ont pas respect&eacute; ce qui avait &eacute;t&eacute; convenu avec le gouvernement pour faire baisser les prix sur le...</p>
<p><a href="./../../../2022/08/09/vie-chere-le-gouvernement-decide-dagir/index.html" rel="nofollow">Source</a></p>]]></content:encoded>
					
					<wfw:commentRss>./../../../2022/08/09/vie-chere-le-gouvernement-decide-dagir/feed/index.html</wfw:commentRss>
			<slash:comments>0</slash:comments>
		
		
			</item>
		<item>
		<title>Interdiction de l’orpaillage pendant l’hivernage</title>
		<link>./../../../2022/08/03/interdiction-de-lorpaillage-pendant-lhivernage/index.html</link>
					<comments>./../../../2022/08/03/interdiction-de-lorpaillage-pendant-lhivernage/index.html#respond</comments>
		
		<dc:creator><![CDATA[Mali Live]]></dc:creator>
		<pubDate>Wed, 03 Aug 2022 14:18:45 +0000</pubDate>
				<category><![CDATA[Economie]]></category>
		<category><![CDATA[Mali]]></category>
		<guid isPermaLink="false">./../../../index.html?p=851</guid>

					<description><![CDATA[Le ministère des mines maintient sa décision jusqu’au 30 septembre prochain Alors que l’hivernage bat...]]></description>
										<content:encoded><![CDATA[<p>Alors que l&rsquo;hivernage bat son plein, le minist&egrave;re des mines a maintenu sa d&eacute;cision de suspension de toutes les activit&eacute;s li&eacute;es &agrave; l&rsquo;orpaillage sur toute l&rsquo;&eacute;tendue du territoire. Le minist&egrave;re des Mines, de l&rsquo;Energie et de l&rsquo;Eau soutient qu&rsquo;un arr&ecirc;t&eacute; minist&eacute;riel, num&eacute;ro1907/MM-MATD-MSPC-MEADD-SG, a &eacute;t&eacute; d&eacute;j&agrave; pris d&egrave;s le premier juillet pour informer l&rsquo;opinion publique de la suspension des activit&eacute;s d&rsquo;...</p>
<p><a href="./../../../2022/08/03/interdiction-de-lorpaillage-pendant-lhivernage/index.html" rel="nofollow">Source</a></p>]]></content:encoded>
					
					<wfw:commentRss>./../../../2022/08/03/interdiction-de-lorpaillage-pendant-lhivernage/feed/index.html</wfw:commentRss>
			<slash:comments>0</slash:comments>
		
		
			</item>
		<item>
		<title>Coton Malien: L’offre la moins chère du Continent</title>
		<link>./../../../2022/07/29/coton-malien-loffre-la-moins-chere-du-continent/index.html</link>
					<comments>./../../../2022/07/29/coton-malien-loffre-la-moins-chere-du-continent/index.html#respond</comments>
		
		<dc:creator><![CDATA[Mali Live]]></dc:creator>
		<pubDate>Fri, 29 Jul 2022 18:55:56 +0000</pubDate>
				<category><![CDATA[Economie]]></category>
		<category><![CDATA[Mali]]></category>
		<guid isPermaLink="false">https://demo.afthemes.com/elegant-magazine/newsportal/?p=23</guid>

					<description><![CDATA[Alors que le gouvernement ivoirien vient de fixer à 𝟑𝟏𝟎𝐅𝐂𝐅𝐀 son kilo, on peut noter...]]></description>
										<content:encoded><![CDATA[<p>Alors que le gouvernement ivoirien vient de fixer &agrave; 𝟑𝟏𝟎𝐅𝐂𝐅𝐀 son kilo, on peut noter que Bamako est &agrave; moins de 300 CFA. Une donne qui pourrait bien faciliter le pays &agrave; conserver sa premi&egrave;re place si convoit&eacute;e dans la sous-r&eacute;gion. Le prix d&rsquo;achat du coton graine premier choix pour la campagne 2022-2023 a &eacute;t&eacute; fix&eacute; &agrave; 310 CFA/kg par le conseil des ministres ivoiriens. Il s&rsquo;agit d&rsquo;une l&eacute;g&egrave;re hausse de...</p>
<p><a href="./../../../2022/07/29/coton-malien-loffre-la-moins-chere-du-continent/index.html" rel="nofollow">Source</a></p>]]></content:encoded>
					
					<wfw:commentRss>./../../../2022/07/29/coton-malien-loffre-la-moins-chere-du-continent/feed/index.html</wfw:commentRss>
			<slash:comments>0</slash:comments>
		
		
			</item>
	</channel>
</rss>
