<?xml version="1.0" encoding="UTF-8"?><rss version="2.0"
	xmlns:content="http://purl.org/rss/1.0/modules/content/"
	xmlns:wfw="http://wellformedweb.org/CommentAPI/"
	xmlns:dc="http://purl.org/dc/elements/1.1/"
	xmlns:atom="http://www.w3.org/2005/Atom"
	xmlns:sy="http://purl.org/rss/1.0/modules/syndication/"
	xmlns:slash="http://purl.org/rss/1.0/modules/slash/"
	>

<channel>
	<title>Insécurité &#8211; Mali Live</title>
	<atom:link href="./index.html" rel="self" type="application/rss+xml" />
	<link>./../../../index.html</link>
	<description>Site d&#039;actualité et d&#039;informations sur le Mali</description>
	<lastBuildDate>Wed, 10 Aug 2022 10:08:44 +0000</lastBuildDate>
	<language>fr-FR</language>
	<sy:updatePeriod>
	hourly	</sy:updatePeriod>
	<sy:updateFrequency>
	1	</sy:updateFrequency>
	<generator>https://wordpress.org/?v=6.0.1</generator>

<image>
	<url>./../../../wp-content/uploads/2022/07/cropped-Untitled-design-180x180-1-150x150.png</url>
	<title>Insécurité &#8211; Mali Live</title>
	<link>./../../../index.html</link>
	<width>32</width>
	<height>32</height>
</image> 
	<item>
		<title>Tessit: Une attaque des groupes armées terroristes</title>
		<link>./../../../2022/08/08/tessit-une-attaque-des-groupes-armees-terroristes/index.html</link>
					<comments>./../../../2022/08/08/tessit-une-attaque-des-groupes-armees-terroristes/index.html#respond</comments>
		
		<dc:creator><![CDATA[Mali Live]]></dc:creator>
		<pubDate>Mon, 08 Aug 2022 11:01:41 +0000</pubDate>
				<category><![CDATA[Insécurité]]></category>
		<category><![CDATA[Terrorisme au Sahel]]></category>
		<guid isPermaLink="false">./../../../index.html?p=976</guid>

					<description><![CDATA[Ce dimanche 07 août 2022 vers 15h00, les unités FAMa de Tessit ont réagi vigoureusement...]]></description>
										<content:encoded><![CDATA[<p>Ce dimanche 07 ao&ucirc;t 2022 vers 15h00, les unit&eacute;s FAMa de Tessit ont r&eacute;agi vigoureusement contre une attaque complexe et coordonn&eacute;e des groupes arm&eacute;s terroristes. Le bilan provisoire &agrave; l&rsquo;heure fait &eacute;tat de : &ndash; C&ocirc;t&eacute; ennemi : 05 morts et 03 motos d&eacute;truites, &ndash; C&ocirc;t&eacute; ami : 04 morts et 02 bless&eacute;s parmi les FAMa plus 03 v&eacute;hicules d&eacute;truits, 02 morts et 02 bless&eacute;s parmi les civils. Le point complet de la...</p>
<p><a href="./../../../2022/08/08/tessit-une-attaque-des-groupes-armees-terroristes/index.html" rel="nofollow">Source</a></p>]]></content:encoded>
					
					<wfw:commentRss>./../../../2022/08/08/tessit-une-attaque-des-groupes-armees-terroristes/feed/index.html</wfw:commentRss>
			<slash:comments>0</slash:comments>
		
		
			</item>
		<item>
		<title>Les FAMAS neutralisent des terroristes</title>
		<link>./../../../2022/08/05/les-famas-neutralisent-des-terroristes/index.html</link>
					<comments>./../../../2022/08/05/les-famas-neutralisent-des-terroristes/index.html#respond</comments>
		
		<dc:creator><![CDATA[Mali Live]]></dc:creator>
		<pubDate>Fri, 05 Aug 2022 10:16:50 +0000</pubDate>
				<category><![CDATA[Insécurité]]></category>
		<category><![CDATA[Terrorisme au Sahel]]></category>
		<guid isPermaLink="false">./../../../index.html?p=927</guid>

					<description><![CDATA[Source: Forces Armees Maliennes]]></description>
										<content:encoded><![CDATA[<p>Source: Forces Armees Maliennes...</p>
<p><a href="./../../../2022/08/05/les-famas-neutralisent-des-terroristes/index.html" rel="nofollow">Source</a></p>]]></content:encoded>
					
					<wfw:commentRss>./../../../2022/08/05/les-famas-neutralisent-des-terroristes/feed/index.html</wfw:commentRss>
			<slash:comments>0</slash:comments>
		
		
			</item>
		<item>
		<title>Communiqué de l’État-major Général des Armées</title>
		<link>./../../../2022/08/03/communique-de-letat-major-general-des-armees/index.html</link>
					<comments>./../../../2022/08/03/communique-de-letat-major-general-des-armees/index.html#respond</comments>
		
		<dc:creator><![CDATA[Mali Live]]></dc:creator>
		<pubDate>Wed, 03 Aug 2022 09:15:34 +0000</pubDate>
				<category><![CDATA[Insécurité]]></category>
		<category><![CDATA[Communiqué]]></category>
		<category><![CDATA[Terrorisme au Sahel]]></category>
		<guid isPermaLink="false">./../../../index.html?p=845</guid>

					<description><![CDATA[Localisation et destruction des refuges logistiques et des rescapés dans les forêts de Diabali Koura,...]]></description>
										<content:encoded><![CDATA[<p>L&rsquo;&Eacute;tat-major G&eacute;n&eacute;ral des Arm&eacute;es porte &agrave; la connaissance du public que la pr&eacute;cision et l&rsquo;exploitation des renseignements ont permis de consolider les acquis de la riposte des FAMa contre les groupes arm&eacute;s terroristes &agrave; l&rsquo;issue de l&rsquo;attaque de Sokolo du 26 juillet 2022. En effet, des refuges logistiques et des rescap&eacute;s de cette attaque terroriste ont &eacute;t&eacute; localis&eacute;s et d&eacute;truits le lundi 1er ao&ucirc;t 2022...</p>
<p><a href="./../../../2022/08/03/communique-de-letat-major-general-des-armees/index.html" rel="nofollow">Source</a></p>]]></content:encoded>
					
					<wfw:commentRss>./../../../2022/08/03/communique-de-letat-major-general-des-armees/feed/index.html</wfw:commentRss>
			<slash:comments>0</slash:comments>
		
		
			</item>
		<item>
		<title>Bamako: La menace terroriste pèse sur le quotidien</title>
		<link>./../../../2022/07/29/bamako-la-menace-terroriste-pese-sur-le-quotidien/index.html</link>
					<comments>./../../../2022/07/29/bamako-la-menace-terroriste-pese-sur-le-quotidien/index.html#respond</comments>
		
		<dc:creator><![CDATA[Mali Live]]></dc:creator>
		<pubDate>Fri, 29 Jul 2022 18:53:59 +0000</pubDate>
				<category><![CDATA[Insécurité]]></category>
		<category><![CDATA[Terrorisme au Sahel]]></category>
		<guid isPermaLink="false">https://demo.afthemes.com/elegant-magazine/newsportal/?p=20</guid>

					<description><![CDATA[Bamako est en état d’alerte depuis plusieurs jours pour faire face à d’éventuelles attaques terroristes....]]></description>
										<content:encoded><![CDATA[<p>Bamako est en &eacute;tat d&rsquo;alerte depuis plusieurs jours pour faire face &agrave; d&rsquo;&eacute;ventuelles attaques terroristes. L&rsquo;offensive contre le camp de Kati a sem&eacute; la peur. Les groupes arm&eacute;s qualifi&eacute;s de terroristes restent sur un cycle de violences sans pr&eacute;c&eacute;dent. Depuis plusieurs jours, des attaques presque synchronis&eacute;es se d&eacute;roulent dans diff&eacute;rentes localit&eacute;s du pays et dans les environs de Bamako.</p>
<p><a href="./../../../2022/07/29/bamako-la-menace-terroriste-pese-sur-le-quotidien/index.html" rel="nofollow">Source</a></p>]]></content:encoded>
					
					<wfw:commentRss>./../../../2022/07/29/bamako-la-menace-terroriste-pese-sur-le-quotidien/feed/index.html</wfw:commentRss>
			<slash:comments>0</slash:comments>
		
		
			</item>
	</channel>
</rss>
