<?xml version="1.0" encoding="UTF-8"?><rss version="2.0"
	xmlns:content="http://purl.org/rss/1.0/modules/content/"
	xmlns:wfw="http://wellformedweb.org/CommentAPI/"
	xmlns:dc="http://purl.org/dc/elements/1.1/"
	xmlns:atom="http://www.w3.org/2005/Atom"
	xmlns:sy="http://purl.org/rss/1.0/modules/syndication/"
	xmlns:slash="http://purl.org/rss/1.0/modules/slash/"
	>

<channel>
	<title>Fait Divers &#8211; Mali Live</title>
	<atom:link href="./index.html" rel="self" type="application/rss+xml" />
	<link>./../../../index.html</link>
	<description>Site d&#039;actualité et d&#039;informations sur le Mali</description>
	<lastBuildDate>Wed, 10 Aug 2022 09:52:17 +0000</lastBuildDate>
	<language>fr-FR</language>
	<sy:updatePeriod>
	hourly	</sy:updatePeriod>
	<sy:updateFrequency>
	1	</sy:updateFrequency>
	<generator>https://wordpress.org/?v=6.0.1</generator>

<image>
	<url>./../../../wp-content/uploads/2022/07/cropped-Untitled-design-180x180-1-150x150.png</url>
	<title>Fait Divers &#8211; Mali Live</title>
	<link>./../../../index.html</link>
	<width>32</width>
	<height>32</height>
</image> 
	<item>
		<title>Fait Divers: Huile à moteur frelatée</title>
		<link>./../../../2022/07/29/vente-dhuile-a-moteur-frelatee-de-la-station-shell/index.html</link>
					<comments>./../../../2022/07/29/vente-dhuile-a-moteur-frelatee-de-la-station-shell/index.html#respond</comments>
		
		<dc:creator><![CDATA[Mali Live]]></dc:creator>
		<pubDate>Fri, 29 Jul 2022 18:52:01 +0000</pubDate>
				<category><![CDATA[Fait Divers]]></category>
		<category><![CDATA[Mali]]></category>
		<guid isPermaLink="false">https://demo.afthemes.com/elegant-magazine/newsportal/?p=13</guid>

					<description><![CDATA[A.C, un jeune de 20 ans avait choisi comme métier de contrefaire l’huile à moteur...]]></description>
										<content:encoded><![CDATA[<p>A .C, un jeune de 20 ans avait choisi comme m&eacute;tier de contrefaire l&rsquo;huile &agrave; moteur de la Station Shell pour les vendre. Apr&egrave;s cette manigance sue par la direction de ladite Station-services, celle-ci a port&eacute; plainte contre lui et A.C fut pi&eacute;g&eacute; et captur&eacute; le 14 juillet dernier par la Brigade de Recherches du 3&egrave;me Arrondissement. Il a ainsi &eacute;t&eacute; mis sous mandat de d&eacute;p&ocirc;t le 18 juillet sur ordre du...</p>
<p><a href="./../../../2022/07/29/vente-dhuile-a-moteur-frelatee-de-la-station-shell/index.html" rel="nofollow">Source</a></p>]]></content:encoded>
					
					<wfw:commentRss>./../../../2022/07/29/vente-dhuile-a-moteur-frelatee-de-la-station-shell/feed/index.html</wfw:commentRss>
			<slash:comments>0</slash:comments>
		
		
			</item>
	</channel>
</rss>
