<?xml version="1.0" encoding="UTF-8"?><rss version="2.0"
	xmlns:content="http://purl.org/rss/1.0/modules/content/"
	xmlns:wfw="http://wellformedweb.org/CommentAPI/"
	xmlns:dc="http://purl.org/dc/elements/1.1/"
	xmlns:atom="http://www.w3.org/2005/Atom"
	xmlns:sy="http://purl.org/rss/1.0/modules/syndication/"
	xmlns:slash="http://purl.org/rss/1.0/modules/slash/"
	>

<channel>
	<title>Armée &#8211; Mali Live</title>
	<atom:link href="./index.html" rel="self" type="application/rss+xml" />
	<link>./../../../index.html</link>
	<description>Site d&#039;actualité et d&#039;informations sur le Mali</description>
	<lastBuildDate>Wed, 10 Aug 2022 09:51:22 +0000</lastBuildDate>
	<language>fr-FR</language>
	<sy:updatePeriod>
	hourly	</sy:updatePeriod>
	<sy:updateFrequency>
	1	</sy:updateFrequency>
	<generator>https://wordpress.org/?v=6.0.1</generator>

<image>
	<url>./../../../wp-content/uploads/2022/07/cropped-Untitled-design-180x180-1-150x150.png</url>
	<title>Armée &#8211; Mali Live</title>
	<link>./../../../index.html</link>
	<width>32</width>
	<height>32</height>
</image> 
	<item>
		<title>Armée de l’Air : Remise d’aéronefs</title>
		<link>./../../../2022/08/10/armee-de-lair-remise-daeronefs-et-dequipements-par-le-president-de-la-transition/index.html</link>
					<comments>./../../../2022/08/10/armee-de-lair-remise-daeronefs-et-dequipements-par-le-president-de-la-transition/index.html#respond</comments>
		
		<dc:creator><![CDATA[Mali Live]]></dc:creator>
		<pubDate>Wed, 10 Aug 2022 09:09:19 +0000</pubDate>
				<category><![CDATA[Armée]]></category>
		<category><![CDATA[Mali]]></category>
		<guid isPermaLink="false">./../../../index.html?p=992</guid>

					<description><![CDATA[Le Président de la Transition, SE le Colonel Assimi GOÏTA, Chef de l’État, a présidé,...]]></description>
										<content:encoded><![CDATA[<p>Le Pr&eacute;sident de la Transition, SE le Colonel Assimi GO&Iuml;TA, Chef de l&rsquo;&Eacute;tat, a pr&eacute;sid&eacute;, ce mardi 9 ao&ucirc;t 2022, la c&eacute;r&eacute;monie de remise officielle d&rsquo;un important lot d&rsquo;a&eacute;ronefs et d&rsquo;&eacute;quipements pour les Forces arm&eacute;es maliennes. Le Premier ministre, l&rsquo;Ambassadeur de la F&eacute;d&eacute;ration de Russie, les anciens de l&rsquo;Arm&eacute;e de l&rsquo;Air, ont pris part &agrave; cet &eacute;v&eacute;nement historique. Les capacit&eacute;s de l&rsquo;Arm&eacute;e de l&rsquo;Air...</p>
<p><a href="./../../../2022/08/10/armee-de-lair-remise-daeronefs-et-dequipements-par-le-president-de-la-transition/index.html" rel="nofollow">Source</a></p>]]></content:encoded>
					
					<wfw:commentRss>./../../../2022/08/10/armee-de-lair-remise-daeronefs-et-dequipements-par-le-president-de-la-transition/feed/index.html</wfw:commentRss>
			<slash:comments>0</slash:comments>
		
		
			</item>
	</channel>
</rss>
