<?xml version="1.0" encoding="UTF-8"?><rss version="2.0"
	xmlns:content="http://purl.org/rss/1.0/modules/content/"
	xmlns:wfw="http://wellformedweb.org/CommentAPI/"
	xmlns:dc="http://purl.org/dc/elements/1.1/"
	xmlns:atom="http://www.w3.org/2005/Atom"
	xmlns:sy="http://purl.org/rss/1.0/modules/syndication/"
	xmlns:slash="http://purl.org/rss/1.0/modules/slash/"
	>

<channel>
	<title>Minusma &#8211; Mali Live</title>
	<atom:link href="./index.html" rel="self" type="application/rss+xml" />
	<link>./../../../index.html</link>
	<description>Site d&#039;actualité et d&#039;informations sur le Mali</description>
	<lastBuildDate>Wed, 10 Aug 2022 10:09:23 +0000</lastBuildDate>
	<language>fr-FR</language>
	<sy:updatePeriod>
	hourly	</sy:updatePeriod>
	<sy:updateFrequency>
	1	</sy:updateFrequency>
	<generator>https://wordpress.org/?v=6.0.1</generator>

<image>
	<url>./../../../wp-content/uploads/2022/07/cropped-Untitled-design-180x180-1-150x150.png</url>
	<title>Minusma &#8211; Mali Live</title>
	<link>./../../../index.html</link>
	<width>32</width>
	<height>32</height>
</image> 
	<item>
		<title>Le départ de la Minusma exigé par Yerewolo</title>
		<link>./../../../2022/08/08/le-depart-de-la-minusma-exige-par-yerewolo/index.html</link>
					<comments>./../../../2022/08/08/le-depart-de-la-minusma-exige-par-yerewolo/index.html#respond</comments>
		
		<dc:creator><![CDATA[Mali Live]]></dc:creator>
		<pubDate>Mon, 08 Aug 2022 11:10:16 +0000</pubDate>
				<category><![CDATA[Politique]]></category>
		<category><![CDATA[Mali]]></category>
		<category><![CDATA[Minusma]]></category>
		<guid isPermaLink="false">./../../../index.html?p=979</guid>

					<description><![CDATA[Le Mouvement nationaliste Yèrèwolo Débout sur les Remparts exige le départ des forces de la...]]></description>
										<content:encoded><![CDATA[<p>Le Mouvement nationaliste Y&egrave;r&egrave;wolo D&eacute;bout sur les Remparts exige le d&eacute;part des forces de la MINUSMA du Mali avant le 22 septembre prochain. Coiff&eacute;s de bonnets bleus, les leaders du mouvement ne veulent des casques bleus au Mali. Ils ont organis&eacute;, ce vendredi 5 ao&ucirc;t, un meeting populaire au Palais de la culture. Dans la salle Bazoumana Sissoko, les deux principaux leaders du mouvement ont pris la...</p>
<p><a href="./../../../2022/08/08/le-depart-de-la-minusma-exige-par-yerewolo/index.html" rel="nofollow">Source</a></p>]]></content:encoded>
					
					<wfw:commentRss>./../../../2022/08/08/le-depart-de-la-minusma-exige-par-yerewolo/feed/index.html</wfw:commentRss>
			<slash:comments>0</slash:comments>
		
		
			</item>
		<item>
		<title>Gouvernement du Mali: Séance de travail avec la Minusma</title>
		<link>./../../../2022/08/02/gouvernement-du-mali-seance-de-travail-avec-la-minusma/index.html</link>
					<comments>./../../../2022/08/02/gouvernement-du-mali-seance-de-travail-avec-la-minusma/index.html#respond</comments>
		
		<dc:creator><![CDATA[Mali Live]]></dc:creator>
		<pubDate>Tue, 02 Aug 2022 14:30:33 +0000</pubDate>
				<category><![CDATA[Politique]]></category>
		<category><![CDATA[Minusma]]></category>
		<guid isPermaLink="false">./../../../index.html?p=838</guid>

					<description><![CDATA[Le Ministre des Affaires étrangères et de la Coopération internationale, Son Excellence Monsieur Abdoulaye DIOP...]]></description>
										<content:encoded><![CDATA[<p>Le Ministre des Affaires &eacute;trang&egrave;res et de la Coop&eacute;ration internationale, Son Excellence Monsieur Abdoulaye DIOP accompagn&eacute; de plusieurs autres membres du Gouvernement, a pr&eacute;sid&eacute;, ce jour, 1er ao&ucirc;t 2022, une s&eacute;ance de travail avec une &eacute;quipe de la MINUSMA conduite par le Repr&eacute;sentant sp&eacute;cial du Secr&eacute;taire g&eacute;n&eacute;ral des Nations Unies, afin de d&eacute;gager un plan optimal permettant de faciliter la...</p>
<p><a href="./../../../2022/08/02/gouvernement-du-mali-seance-de-travail-avec-la-minusma/index.html" rel="nofollow">Source</a></p>]]></content:encoded>
					
					<wfw:commentRss>./../../../2022/08/02/gouvernement-du-mali-seance-de-travail-avec-la-minusma/feed/index.html</wfw:commentRss>
			<slash:comments>0</slash:comments>
		
		
			</item>
	</channel>
</rss>
