<?xml version="1.0" encoding="UTF-8"?><rss version="2.0"
	xmlns:content="http://purl.org/rss/1.0/modules/content/"
	xmlns:wfw="http://wellformedweb.org/CommentAPI/"
	xmlns:dc="http://purl.org/dc/elements/1.1/"
	xmlns:atom="http://www.w3.org/2005/Atom"
	xmlns:sy="http://purl.org/rss/1.0/modules/syndication/"
	xmlns:slash="http://purl.org/rss/1.0/modules/slash/"
	>

<channel>
	<title>Art et Culture &#8211; Mali Live</title>
	<atom:link href="./index.html" rel="self" type="application/rss+xml" />
	<link>./../../../index.html</link>
	<description>Site d&#039;actualité et d&#039;informations sur le Mali</description>
	<lastBuildDate>Wed, 10 Aug 2022 09:42:42 +0000</lastBuildDate>
	<language>fr-FR</language>
	<sy:updatePeriod>
	hourly	</sy:updatePeriod>
	<sy:updateFrequency>
	1	</sy:updateFrequency>
	<generator>https://wordpress.org/?v=6.0.1</generator>

<image>
	<url>./../../../wp-content/uploads/2022/07/cropped-Untitled-design-180x180-1-150x150.png</url>
	<title>Art et Culture &#8211; Mali Live</title>
	<link>./../../../index.html</link>
	<width>32</width>
	<height>32</height>
</image> 
	<item>
		<title>Culture : La case sacrée de Kangaba</title>
		<link>./../../../2022/08/09/culture-la-case-sacree-de-kangaba/index.html</link>
					<comments>./../../../2022/08/09/culture-la-case-sacree-de-kangaba/index.html#respond</comments>
		
		<dc:creator><![CDATA[Mali Live]]></dc:creator>
		<pubDate>Tue, 09 Aug 2022 10:36:01 +0000</pubDate>
				<category><![CDATA[Art et Culture]]></category>
		<category><![CDATA[Mali]]></category>
		<guid isPermaLink="false">./../../../index.html?p=985</guid>

					<description><![CDATA[Kangaba (en langue malinké&#160;:&#160;Ka’ba) est située au cœur du&#160;Mandé, région historique du Mali, berceau de...]]></description>
										<content:encoded><![CDATA[<p>Kangaba (en langue malink&eacute; : Ka&rsquo;ba) est situ&eacute;e au c&oelig;ur du Mand&eacute;, r&eacute;gion historique du Mali, berceau de l&rsquo;empire du Mali. Elle est distante de 50 km de la fronti&egrave;re guin&eacute;enne. Le Kamablon est la case sacr&eacute;e de Kangaba dans la r&eacute;gion de Koulikoro. Il a &eacute;t&eacute; construit en 1653. Le Kamablon de Kangaba est un remarquable &eacute;difice de plan circulaire qui abrite des objets et des &eacute;l&eacute;ments de mobilier d&rsquo;une...</p>
<p><a href="./../../../2022/08/09/culture-la-case-sacree-de-kangaba/index.html" rel="nofollow">Source</a></p>]]></content:encoded>
					
					<wfw:commentRss>./../../../2022/08/09/culture-la-case-sacree-de-kangaba/feed/index.html</wfw:commentRss>
			<slash:comments>0</slash:comments>
		
		
			</item>
	</channel>
</rss>
