<?xml version="1.0" encoding="UTF-8"?><rss version="2.0"
	xmlns:content="http://purl.org/rss/1.0/modules/content/"
	xmlns:wfw="http://wellformedweb.org/CommentAPI/"
	xmlns:dc="http://purl.org/dc/elements/1.1/"
	xmlns:atom="http://www.w3.org/2005/Atom"
	xmlns:sy="http://purl.org/rss/1.0/modules/syndication/"
	xmlns:slash="http://purl.org/rss/1.0/modules/slash/"
	>

<channel>
	<title>Mali &#8211; Mali Live</title>
	<atom:link href="./index.html" rel="self" type="application/rss+xml" />
	<link>./../../../index.html</link>
	<description>Site d&#039;actualité et d&#039;informations sur le Mali</description>
	<lastBuildDate>Thu, 11 Aug 2022 16:12:27 +0000</lastBuildDate>
	<language>fr-FR</language>
	<sy:updatePeriod>
	hourly	</sy:updatePeriod>
	<sy:updateFrequency>
	1	</sy:updateFrequency>
	<generator>https://wordpress.org/?v=6.0.1</generator>

<image>
	<url>./../../../wp-content/uploads/2022/07/cropped-Untitled-design-180x180-1-150x150.png</url>
	<title>Mali &#8211; Mali Live</title>
	<link>./../../../index.html</link>
	<width>32</width>
	<height>32</height>
</image> 
	<item>
		<title>West Champions Cup : le Mali représenté par le Djoliba AC</title>
		<link>./../../../2022/08/11/west-champions-cup-le-mali-represente-par-le-djoliba-ac/index.html</link>
					<comments>./../../../2022/08/11/west-champions-cup-le-mali-represente-par-le-djoliba-ac/index.html#respond</comments>
		
		<dc:creator><![CDATA[Mali Live]]></dc:creator>
		<pubDate>Thu, 11 Aug 2022 16:12:23 +0000</pubDate>
				<category><![CDATA[Sports]]></category>
		<category><![CDATA[Mali]]></category>
		<guid isPermaLink="false">./../../../index.html?p=1025</guid>

					<description><![CDATA[Du 21 au 25 août prochain, la Guinée vibrera au rythme de la première édition...]]></description>
										<content:encoded><![CDATA[<p>Du 21 au 25 ao&ucirc;t prochain, la Guin&eacute;e vibrera au rythme de la premi&egrave;re &eacute;dition de la West Africa Champions Cup. Quatre &eacute;quipes au total sont inscrites sur la liste dont le Djoliba AC qui repr&eacute;sentera le Mali. &laquo; Permettre aux &eacute;quipes retenues pour les comp&eacute;titions continentales de pouvoir se pr&eacute;parer pour ces &eacute;ch&eacute;ances &raquo; c&rsquo;est ce que les initiateurs esp&egrave;rent avec la premi&egrave;re &eacute;dition du West Africa...</p>
<p><a href="./../../../2022/08/11/west-champions-cup-le-mali-represente-par-le-djoliba-ac/index.html" rel="nofollow">Source</a></p>]]></content:encoded>
					
					<wfw:commentRss>./../../../2022/08/11/west-champions-cup-le-mali-represente-par-le-djoliba-ac/feed/index.html</wfw:commentRss>
			<slash:comments>0</slash:comments>
		
		
			</item>
		<item>
		<title>La CEDEAO asphyxie les banques maliennes, le mensonge de Radio France Internationale</title>
		<link>./../../../2022/08/11/la-cedeao-asphyxie-les-banques-maliennes-le-mensonge-de-radio-france-internationale/index.html</link>
					<comments>./../../../2022/08/11/la-cedeao-asphyxie-les-banques-maliennes-le-mensonge-de-radio-france-internationale/index.html#respond</comments>
		
		<dc:creator><![CDATA[Mali Live]]></dc:creator>
		<pubDate>Thu, 11 Aug 2022 15:59:12 +0000</pubDate>
				<category><![CDATA[Economie]]></category>
		<category><![CDATA[Afrique]]></category>
		<category><![CDATA[Mali]]></category>
		<guid isPermaLink="false">./../../../index.html?p=1018</guid>

					<description><![CDATA[La CEDEAO et l&#8217;UEMOA sont prises en flagrant délit par les autorités maliennes de la...]]></description>
										<content:encoded><![CDATA[<p>La CEDEAO et l&rsquo;UEMOA sont prises en flagrant d&eacute;lit par les autorit&eacute;s maliennes de la transition pour non-respect des directives bancaires et financi&egrave;res conform&eacute;ment aux d&eacute;cisions communautaires. Le ministre de l&rsquo;&Eacute;conomie et des Finances du Mali a saisi son homologue togolais afin que ces deux institutions l&egrave;vent le coude pour le respect des dispositions l&eacute;gales et statutaires.</p>
<p><a href="./../../../2022/08/11/la-cedeao-asphyxie-les-banques-maliennes-le-mensonge-de-radio-france-internationale/index.html" rel="nofollow">Source</a></p>]]></content:encoded>
					
					<wfw:commentRss>./../../../2022/08/11/la-cedeao-asphyxie-les-banques-maliennes-le-mensonge-de-radio-france-internationale/feed/index.html</wfw:commentRss>
			<slash:comments>0</slash:comments>
		
		
			</item>
		<item>
		<title>Poutine s’entretient avec le dirigeant Malien Assimi Goïta</title>
		<link>./../../../2022/08/11/poutine-sentretient-avec-le-dirigeant-malien-assimi-goita/index.html</link>
					<comments>./../../../2022/08/11/poutine-sentretient-avec-le-dirigeant-malien-assimi-goita/index.html#respond</comments>
		
		<dc:creator><![CDATA[Mali Live]]></dc:creator>
		<pubDate>Thu, 11 Aug 2022 08:36:50 +0000</pubDate>
				<category><![CDATA[Politique]]></category>
		<category><![CDATA[Mali]]></category>
		<guid isPermaLink="false">./../../../index.html?p=1003</guid>

					<description><![CDATA[Le Président russe Vladimir Poutine s’est entretenu au téléphone avec le chef d’État malien par...]]></description>
										<content:encoded><![CDATA[<p>Le Pr&eacute;sident russe Vladimir Poutine s&rsquo;est entretenu au t&eacute;l&eacute;phone avec le chef d&rsquo;&Eacute;tat malien par int&eacute;rim, le colonel Assimi Go&iuml;ta. Les deux leaders ont discut&eacute; des moyens d&rsquo;intensifier la coop&eacute;ration bilat&eacute;rale. Le chef du Kremlin et le Pr&eacute;sident malien par int&eacute;rim Assimi Go&iuml;ta se sont entretenus au t&eacute;l&eacute;phone, a annonc&eacute; ce mercredi 10 ao&ucirc;t le service de presse du Kremlin. &ldquo;Assimi Goita a exprim&eacute; &agrave;...</p>
<p><a href="./../../../2022/08/11/poutine-sentretient-avec-le-dirigeant-malien-assimi-goita/index.html" rel="nofollow">Source</a></p>]]></content:encoded>
					
					<wfw:commentRss>./../../../2022/08/11/poutine-sentretient-avec-le-dirigeant-malien-assimi-goita/feed/index.html</wfw:commentRss>
			<slash:comments>0</slash:comments>
		
		
			</item>
		<item>
		<title>Accord pour la Paix et la Réconciliation au Mali</title>
		<link>./../../../2022/08/10/accord-pour-la-paix-et-la-reconciliation-au-mali/index.html</link>
					<comments>./../../../2022/08/10/accord-pour-la-paix-et-la-reconciliation-au-mali/index.html#respond</comments>
		
		<dc:creator><![CDATA[Mali Live]]></dc:creator>
		<pubDate>Wed, 10 Aug 2022 10:02:50 +0000</pubDate>
				<category><![CDATA[Politique]]></category>
		<category><![CDATA[Mali]]></category>
		<guid isPermaLink="false">./../../../index.html?p=996</guid>

					<description><![CDATA[L’hôtel Radisson Collection (Ex- Shératon) a abrité, le vendredi 05 août 2022, la cérémonie de...]]></description>
										<content:encoded><![CDATA[<p>L&rsquo;h&ocirc;tel Radisson Collection (Ex- Sh&eacute;raton) a abrit&eacute;, le vendredi 05 ao&ucirc;t 2022, la c&eacute;r&eacute;monie de cl&ocirc;ture de la r&eacute;union d&eacute;cisionnelle des Parties de l&rsquo;Accord pour la Paix et la R&eacute;conciliation au Mali, issu du processus d&rsquo;Alger, sur certains aspects de la mise en &oelig;uvre de l&rsquo;Accord. Cette r&eacute;union de haut niveau ayant pris 5 jours a &eacute;t&eacute; organis&eacute;e par le Minist&egrave;re de la R&eacute;conciliation, de la Paix et de...</p>
<p><a href="./../../../2022/08/10/accord-pour-la-paix-et-la-reconciliation-au-mali/index.html" rel="nofollow">Source</a></p>]]></content:encoded>
					
					<wfw:commentRss>./../../../2022/08/10/accord-pour-la-paix-et-la-reconciliation-au-mali/feed/index.html</wfw:commentRss>
			<slash:comments>0</slash:comments>
		
		
			</item>
		<item>
		<title>Armée de l’Air : Remise d’aéronefs</title>
		<link>./../../../2022/08/10/armee-de-lair-remise-daeronefs-et-dequipements-par-le-president-de-la-transition/index.html</link>
					<comments>./../../../2022/08/10/armee-de-lair-remise-daeronefs-et-dequipements-par-le-president-de-la-transition/index.html#respond</comments>
		
		<dc:creator><![CDATA[Mali Live]]></dc:creator>
		<pubDate>Wed, 10 Aug 2022 09:09:19 +0000</pubDate>
				<category><![CDATA[Armée]]></category>
		<category><![CDATA[Mali]]></category>
		<guid isPermaLink="false">./../../../index.html?p=992</guid>

					<description><![CDATA[Le Président de la Transition, SE le Colonel Assimi GOÏTA, Chef de l’État, a présidé,...]]></description>
										<content:encoded><![CDATA[<p>Le Pr&eacute;sident de la Transition, SE le Colonel Assimi GO&Iuml;TA, Chef de l&rsquo;&Eacute;tat, a pr&eacute;sid&eacute;, ce mardi 9 ao&ucirc;t 2022, la c&eacute;r&eacute;monie de remise officielle d&rsquo;un important lot d&rsquo;a&eacute;ronefs et d&rsquo;&eacute;quipements pour les Forces arm&eacute;es maliennes. Le Premier ministre, l&rsquo;Ambassadeur de la F&eacute;d&eacute;ration de Russie, les anciens de l&rsquo;Arm&eacute;e de l&rsquo;Air, ont pris part &agrave; cet &eacute;v&eacute;nement historique. Les capacit&eacute;s de l&rsquo;Arm&eacute;e de l&rsquo;Air...</p>
<p><a href="./../../../2022/08/10/armee-de-lair-remise-daeronefs-et-dequipements-par-le-president-de-la-transition/index.html" rel="nofollow">Source</a></p>]]></content:encoded>
					
					<wfw:commentRss>./../../../2022/08/10/armee-de-lair-remise-daeronefs-et-dequipements-par-le-president-de-la-transition/feed/index.html</wfw:commentRss>
			<slash:comments>0</slash:comments>
		
		
			</item>
		<item>
		<title>Vie chère : Le Gouvernement décide d&#8217;agir</title>
		<link>./../../../2022/08/09/vie-chere-le-gouvernement-decide-dagir/index.html</link>
					<comments>./../../../2022/08/09/vie-chere-le-gouvernement-decide-dagir/index.html#respond</comments>
		
		<dc:creator><![CDATA[Mali Live]]></dc:creator>
		<pubDate>Tue, 09 Aug 2022 12:44:11 +0000</pubDate>
				<category><![CDATA[Economie]]></category>
		<category><![CDATA[Mali]]></category>
		<guid isPermaLink="false">./../../../index.html?p=989</guid>

					<description><![CDATA[Face à la détresse qu’une grande partie de la population, face à l’inflation des prix...]]></description>
										<content:encoded><![CDATA[<p>Face &agrave; la d&eacute;tresse qu&rsquo;une grande partie de la population, face &agrave; l&rsquo;inflation des prix des produits et articles sur le march&eacute;, le gouvernement a (enfin) d&eacute;cid&eacute; de r&eacute;agir. Un conseil des Ministres extraordinaire tenu le 07 Ao&ucirc;t pass&eacute;, rappelle que les commer&ccedil;ants et op&eacute;rateurs &eacute;conomiques maliens n&rsquo;ont pas respect&eacute; ce qui avait &eacute;t&eacute; convenu avec le gouvernement pour faire baisser les prix sur le...</p>
<p><a href="./../../../2022/08/09/vie-chere-le-gouvernement-decide-dagir/index.html" rel="nofollow">Source</a></p>]]></content:encoded>
					
					<wfw:commentRss>./../../../2022/08/09/vie-chere-le-gouvernement-decide-dagir/feed/index.html</wfw:commentRss>
			<slash:comments>0</slash:comments>
		
		
			</item>
		<item>
		<title>Culture : La case sacrée de Kangaba</title>
		<link>./../../../2022/08/09/culture-la-case-sacree-de-kangaba/index.html</link>
					<comments>./../../../2022/08/09/culture-la-case-sacree-de-kangaba/index.html#respond</comments>
		
		<dc:creator><![CDATA[Mali Live]]></dc:creator>
		<pubDate>Tue, 09 Aug 2022 10:36:01 +0000</pubDate>
				<category><![CDATA[Art et Culture]]></category>
		<category><![CDATA[Mali]]></category>
		<guid isPermaLink="false">./../../../index.html?p=985</guid>

					<description><![CDATA[Kangaba (en langue malinké&#160;:&#160;Ka’ba) est située au cœur du&#160;Mandé, région historique du Mali, berceau de...]]></description>
										<content:encoded><![CDATA[<p>Kangaba (en langue malink&eacute; : Ka&rsquo;ba) est situ&eacute;e au c&oelig;ur du Mand&eacute;, r&eacute;gion historique du Mali, berceau de l&rsquo;empire du Mali. Elle est distante de 50 km de la fronti&egrave;re guin&eacute;enne. Le Kamablon est la case sacr&eacute;e de Kangaba dans la r&eacute;gion de Koulikoro. Il a &eacute;t&eacute; construit en 1653. Le Kamablon de Kangaba est un remarquable &eacute;difice de plan circulaire qui abrite des objets et des &eacute;l&eacute;ments de mobilier d&rsquo;une...</p>
<p><a href="./../../../2022/08/09/culture-la-case-sacree-de-kangaba/index.html" rel="nofollow">Source</a></p>]]></content:encoded>
					
					<wfw:commentRss>./../../../2022/08/09/culture-la-case-sacree-de-kangaba/feed/index.html</wfw:commentRss>
			<slash:comments>0</slash:comments>
		
		
			</item>
		<item>
		<title>Le départ de la Minusma exigé par Yerewolo</title>
		<link>./../../../2022/08/08/le-depart-de-la-minusma-exige-par-yerewolo/index.html</link>
					<comments>./../../../2022/08/08/le-depart-de-la-minusma-exige-par-yerewolo/index.html#respond</comments>
		
		<dc:creator><![CDATA[Mali Live]]></dc:creator>
		<pubDate>Mon, 08 Aug 2022 11:10:16 +0000</pubDate>
				<category><![CDATA[Politique]]></category>
		<category><![CDATA[Mali]]></category>
		<category><![CDATA[Minusma]]></category>
		<guid isPermaLink="false">./../../../index.html?p=979</guid>

					<description><![CDATA[Le Mouvement nationaliste Yèrèwolo Débout sur les Remparts exige le départ des forces de la...]]></description>
										<content:encoded><![CDATA[<p>Le Mouvement nationaliste Y&egrave;r&egrave;wolo D&eacute;bout sur les Remparts exige le d&eacute;part des forces de la MINUSMA du Mali avant le 22 septembre prochain. Coiff&eacute;s de bonnets bleus, les leaders du mouvement ne veulent des casques bleus au Mali. Ils ont organis&eacute;, ce vendredi 5 ao&ucirc;t, un meeting populaire au Palais de la culture. Dans la salle Bazoumana Sissoko, les deux principaux leaders du mouvement ont pris la...</p>
<p><a href="./../../../2022/08/08/le-depart-de-la-minusma-exige-par-yerewolo/index.html" rel="nofollow">Source</a></p>]]></content:encoded>
					
					<wfw:commentRss>./../../../2022/08/08/le-depart-de-la-minusma-exige-par-yerewolo/feed/index.html</wfw:commentRss>
			<slash:comments>0</slash:comments>
		
		
			</item>
		<item>
		<title>Montée des couleurs par Colonel Assimi Goita</title>
		<link>./../../../2022/08/03/la-ceremonie-de-montee-des-couleurs-presidee-par-son-excellence-le-colonel-assimi-goita-president-de-la-transition-chef-de-letat-ce-lundi-dans-la-cour-du-palais-de-koulouba/index.html</link>
					<comments>./../../../2022/08/03/la-ceremonie-de-montee-des-couleurs-presidee-par-son-excellence-le-colonel-assimi-goita-president-de-la-transition-chef-de-letat-ce-lundi-dans-la-cour-du-palais-de-koulouba/index.html#respond</comments>
		
		<dc:creator><![CDATA[Mali Live]]></dc:creator>
		<pubDate>Wed, 03 Aug 2022 15:12:48 +0000</pubDate>
				<category><![CDATA[Politique]]></category>
		<category><![CDATA[Mali]]></category>
		<guid isPermaLink="false">./../../../index.html?p=872</guid>

					<description><![CDATA[La cérémonie de montée des couleurs présidée par Son Excellence, le Colonel Assimi Goita, Président...]]></description>
										<content:encoded><![CDATA[<p>La c&eacute;r&eacute;monie de mont&eacute;e des couleurs pr&eacute;sid&eacute;e par Son Excellence, le Colonel Assimi Goita, Pr&eacute;sident de la Transition, Chef de l&rsquo;&Eacute;tat, ce lundi, dans la cour du Palais de Koulouba. Source: Pr&eacute;sidence de la R&eacute;publique du Mali...</p>
<p><a href="./../../../2022/08/03/la-ceremonie-de-montee-des-couleurs-presidee-par-son-excellence-le-colonel-assimi-goita-president-de-la-transition-chef-de-letat-ce-lundi-dans-la-cour-du-palais-de-koulouba/index.html" rel="nofollow">Source</a></p>]]></content:encoded>
					
					<wfw:commentRss>./../../../2022/08/03/la-ceremonie-de-montee-des-couleurs-presidee-par-son-excellence-le-colonel-assimi-goita-president-de-la-transition-chef-de-letat-ce-lundi-dans-la-cour-du-palais-de-koulouba/feed/index.html</wfw:commentRss>
			<slash:comments>0</slash:comments>
		
		
			</item>
		<item>
		<title>Interdiction de l’orpaillage pendant l’hivernage</title>
		<link>./../../../2022/08/03/interdiction-de-lorpaillage-pendant-lhivernage/index.html</link>
					<comments>./../../../2022/08/03/interdiction-de-lorpaillage-pendant-lhivernage/index.html#respond</comments>
		
		<dc:creator><![CDATA[Mali Live]]></dc:creator>
		<pubDate>Wed, 03 Aug 2022 14:18:45 +0000</pubDate>
				<category><![CDATA[Economie]]></category>
		<category><![CDATA[Mali]]></category>
		<guid isPermaLink="false">./../../../index.html?p=851</guid>

					<description><![CDATA[Le ministère des mines maintient sa décision jusqu’au 30 septembre prochain Alors que l’hivernage bat...]]></description>
										<content:encoded><![CDATA[<p>Alors que l&rsquo;hivernage bat son plein, le minist&egrave;re des mines a maintenu sa d&eacute;cision de suspension de toutes les activit&eacute;s li&eacute;es &agrave; l&rsquo;orpaillage sur toute l&rsquo;&eacute;tendue du territoire. Le minist&egrave;re des Mines, de l&rsquo;Energie et de l&rsquo;Eau soutient qu&rsquo;un arr&ecirc;t&eacute; minist&eacute;riel, num&eacute;ro1907/MM-MATD-MSPC-MEADD-SG, a &eacute;t&eacute; d&eacute;j&agrave; pris d&egrave;s le premier juillet pour informer l&rsquo;opinion publique de la suspension des activit&eacute;s d&rsquo;...</p>
<p><a href="./../../../2022/08/03/interdiction-de-lorpaillage-pendant-lhivernage/index.html" rel="nofollow">Source</a></p>]]></content:encoded>
					
					<wfw:commentRss>./../../../2022/08/03/interdiction-de-lorpaillage-pendant-lhivernage/feed/index.html</wfw:commentRss>
			<slash:comments>0</slash:comments>
		
		
			</item>
	</channel>
</rss>
