<?xml version="1.0" encoding="UTF-8"?><rss version="2.0"
	xmlns:content="http://purl.org/rss/1.0/modules/content/"
	xmlns:wfw="http://wellformedweb.org/CommentAPI/"
	xmlns:dc="http://purl.org/dc/elements/1.1/"
	xmlns:atom="http://www.w3.org/2005/Atom"
	xmlns:sy="http://purl.org/rss/1.0/modules/syndication/"
	xmlns:slash="http://purl.org/rss/1.0/modules/slash/"
	>

<channel>
	<title>Economie &#8211; Mali Live</title>
	<atom:link href="./index.html" rel="self" type="application/rss+xml" />
	<link>./../../../index.html</link>
	<description>Les dernières actualités du Mali, de l&#039;Afrique et du tiers Monde</description>
	<lastBuildDate>Sat, 30 Jul 2022 12:00:07 +0000</lastBuildDate>
	<language>fr-FR</language>
	<sy:updatePeriod>
	hourly	</sy:updatePeriod>
	<sy:updateFrequency>
	1	</sy:updateFrequency>
	<generator>https://wordpress.org/?v=6.0.1</generator>

<image>
	<url>./../../../wp-content/uploads/2022/07/cropped-Untitled-design-180x180-1-150x150.png</url>
	<title>Economie &#8211; Mali Live</title>
	<link>./../../../index.html</link>
	<width>32</width>
	<height>32</height>
</image> 
	<item>
		<title>Coton Malien : L’offre la moins chère du Continent</title>
		<link>./../../../2022/07/29/coton-malien-loffre-la-moins-chere-du-continent/index.html</link>
					<comments>./../../../2022/07/29/coton-malien-loffre-la-moins-chere-du-continent/index.html#respond</comments>
		
		<dc:creator><![CDATA[Mali Live]]></dc:creator>
		<pubDate>Fri, 29 Jul 2022 18:55:56 +0000</pubDate>
				<category><![CDATA[Economie]]></category>
		<guid isPermaLink="false">https://demo.afthemes.com/elegant-magazine/newsportal/?p=23</guid>

					<description><![CDATA[Alors que le gouvernement ivoirien vient de fixer à 𝟑𝟏𝟎𝐅𝐂𝐅𝐀 son kilo, on peut noter...]]></description>
										<content:encoded><![CDATA[<p>Alors que le gouvernement ivoirien vient de fixer &agrave; 𝟑𝟏𝟎𝐅𝐂𝐅𝐀 son kilo, on peut noter que Bamako est &agrave; moins de 300 CFA. Une donne qui pourrait bien faciliter le pays &agrave; conserver sa premi&egrave;re place si convoit&eacute;e dans la sous-r&eacute;gion. Le prix d&rsquo;achat du coton graine premier choix pour la campagne 2022-2023 a &eacute;t&eacute; fix&eacute; &agrave; 310 FCFA/kg par le conseil des ministres ivoiriens. Il s&rsquo;agit d&rsquo;une l&eacute;g&egrave;re hausse de...</p>
<p><a href="./../../../2022/07/29/coton-malien-loffre-la-moins-chere-du-continent/index.html" rel="nofollow">Source</a></p>]]></content:encoded>
					
					<wfw:commentRss>./../../../2022/07/29/coton-malien-loffre-la-moins-chere-du-continent/feed/index.html</wfw:commentRss>
			<slash:comments>0</slash:comments>
		
		
			</item>
	</channel>
</rss>
