<?xml version="1.0" encoding="UTF-8"?><rss version="2.0"
	xmlns:content="http://purl.org/rss/1.0/modules/content/"
	xmlns:wfw="http://wellformedweb.org/CommentAPI/"
	xmlns:dc="http://purl.org/dc/elements/1.1/"
	xmlns:atom="http://www.w3.org/2005/Atom"
	xmlns:sy="http://purl.org/rss/1.0/modules/syndication/"
	xmlns:slash="http://purl.org/rss/1.0/modules/slash/"
	>

<channel>
	<title>Société &#8211; Mali Live</title>
	<atom:link href="./index.html" rel="self" type="application/rss+xml" />
	<link>./../../../index.html</link>
	<description>Site d&#039;actualité et d&#039;informations sur le Mali</description>
	<lastBuildDate>Fri, 05 Aug 2022 14:38:43 +0000</lastBuildDate>
	<language>fr-FR</language>
	<sy:updatePeriod>
	hourly	</sy:updatePeriod>
	<sy:updateFrequency>
	1	</sy:updateFrequency>
	<generator>https://wordpress.org/?v=6.0.1</generator>

<image>
	<url>./../../../wp-content/uploads/2022/07/cropped-Untitled-design-180x180-1-150x150.png</url>
	<title>Société &#8211; Mali Live</title>
	<link>./../../../index.html</link>
	<width>32</width>
	<height>32</height>
</image> 
	<item>
		<title>Dr. Choguel MAIGA recoit Jean-Pierre LACROIX</title>
		<link>./../../../2022/07/28/discours-du-dr-choguel-kokalla-maiga/index.html</link>
					<comments>./../../../2022/07/28/discours-du-dr-choguel-kokalla-maiga/index.html#respond</comments>
		
		<dc:creator><![CDATA[Mali Live]]></dc:creator>
		<pubDate>Thu, 28 Jul 2022 11:41:47 +0000</pubDate>
				<category><![CDATA[Politique]]></category>
		<category><![CDATA[Société]]></category>
		<guid isPermaLink="false">https://demo.afthemes.com/covernews-pro/?p=27</guid>

					<description><![CDATA[]]></description>
										<content:encoded><![CDATA[<p></p>
<p><a href="./../../../2022/07/28/discours-du-dr-choguel-kokalla-maiga/index.html" rel="nofollow">Source</a></p>]]></content:encoded>
					
					<wfw:commentRss>./../../../2022/07/28/discours-du-dr-choguel-kokalla-maiga/feed/index.html</wfw:commentRss>
			<slash:comments>0</slash:comments>
		
		
			</item>
	</channel>
</rss>
