<?xml version="1.0" encoding="UTF-8"?><rss version="2.0"
	xmlns:content="http://purl.org/rss/1.0/modules/content/"
	xmlns:wfw="http://wellformedweb.org/CommentAPI/"
	xmlns:dc="http://purl.org/dc/elements/1.1/"
	xmlns:atom="http://www.w3.org/2005/Atom"
	xmlns:sy="http://purl.org/rss/1.0/modules/syndication/"
	xmlns:slash="http://purl.org/rss/1.0/modules/slash/"
	>

<channel>
	<title>Afrique &#8211; Mali Live</title>
	<atom:link href="./index.html" rel="self" type="application/rss+xml" />
	<link>./../../../index.html</link>
	<description>Site d&#039;actualité et d&#039;informations sur le Mali</description>
	<lastBuildDate>Thu, 11 Aug 2022 16:21:31 +0000</lastBuildDate>
	<language>fr-FR</language>
	<sy:updatePeriod>
	hourly	</sy:updatePeriod>
	<sy:updateFrequency>
	1	</sy:updateFrequency>
	<generator>https://wordpress.org/?v=6.0.1</generator>

<image>
	<url>./../../../wp-content/uploads/2022/07/cropped-Untitled-design-180x180-1-150x150.png</url>
	<title>Afrique &#8211; Mali Live</title>
	<link>./../../../index.html</link>
	<width>32</width>
	<height>32</height>
</image> 
	<item>
		<title>Guinée : la dissolution du FNDC condamnée par plusieurs organisations</title>
		<link>./../../../2022/08/11/guinee-la-dissolution-du-fndc-condamnee-par-plusieurs-organisations/index.html</link>
					<comments>./../../../2022/08/11/guinee-la-dissolution-du-fndc-condamnee-par-plusieurs-organisations/index.html#respond</comments>
		
		<dc:creator><![CDATA[Mali Live]]></dc:creator>
		<pubDate>Thu, 11 Aug 2022 16:21:27 +0000</pubDate>
				<category><![CDATA[Politique]]></category>
		<category><![CDATA[Afrique]]></category>
		<guid isPermaLink="false">./../../../index.html?p=1031</guid>

					<description><![CDATA[La dissolution du Front national pour la défense de la Constitution (FNDC) est une violation...]]></description>
										<content:encoded><![CDATA[<p>La dissolution du Front national pour la d&eacute;fense de la Constitution (FNDC) est une violation des libert&eacute;s individuelles et collectives, selon des organisations de d&eacute;fense des droits humains et des mouvements citoyens africains. La junte guin&eacute;enne est pass&eacute;e &agrave; l&rsquo;acte. Alors que des rumeurs couraient lundi soir sur les r&eacute;seaux sociaux, le gouvernement de transition a sorti un arr&ecirc;t&eacute; mardi pour...</p>
<p><a href="./../../../2022/08/11/guinee-la-dissolution-du-fndc-condamnee-par-plusieurs-organisations/index.html" rel="nofollow">Source</a></p>]]></content:encoded>
					
					<wfw:commentRss>./../../../2022/08/11/guinee-la-dissolution-du-fndc-condamnee-par-plusieurs-organisations/feed/index.html</wfw:commentRss>
			<slash:comments>0</slash:comments>
		
		
			</item>
		<item>
		<title>La CEDEAO asphyxie les banques maliennes, le mensonge de Radio France Internationale</title>
		<link>./../../../2022/08/11/la-cedeao-asphyxie-les-banques-maliennes-le-mensonge-de-radio-france-internationale/index.html</link>
					<comments>./../../../2022/08/11/la-cedeao-asphyxie-les-banques-maliennes-le-mensonge-de-radio-france-internationale/index.html#respond</comments>
		
		<dc:creator><![CDATA[Mali Live]]></dc:creator>
		<pubDate>Thu, 11 Aug 2022 15:59:12 +0000</pubDate>
				<category><![CDATA[Economie]]></category>
		<category><![CDATA[Afrique]]></category>
		<category><![CDATA[Mali]]></category>
		<guid isPermaLink="false">./../../../index.html?p=1018</guid>

					<description><![CDATA[La CEDEAO et l&#8217;UEMOA sont prises en flagrant délit par les autorités maliennes de la...]]></description>
										<content:encoded><![CDATA[<p>La CEDEAO et l&rsquo;UEMOA sont prises en flagrant d&eacute;lit par les autorit&eacute;s maliennes de la transition pour non-respect des directives bancaires et financi&egrave;res conform&eacute;ment aux d&eacute;cisions communautaires. Le ministre de l&rsquo;&Eacute;conomie et des Finances du Mali a saisi son homologue togolais afin que ces deux institutions l&egrave;vent le coude pour le respect des dispositions l&eacute;gales et statutaires.</p>
<p><a href="./../../../2022/08/11/la-cedeao-asphyxie-les-banques-maliennes-le-mensonge-de-radio-france-internationale/index.html" rel="nofollow">Source</a></p>]]></content:encoded>
					
					<wfw:commentRss>./../../../2022/08/11/la-cedeao-asphyxie-les-banques-maliennes-le-mensonge-de-radio-france-internationale/feed/index.html</wfw:commentRss>
			<slash:comments>0</slash:comments>
		
		
			</item>
		<item>
		<title>RDC : « La population exige une date pour le départ de la Monusco »</title>
		<link>./../../../2022/08/05/rdc-la-population-exige-une-date-pour-le-depart-de-la-monusco/index.html</link>
					<comments>./../../../2022/08/05/rdc-la-population-exige-une-date-pour-le-depart-de-la-monusco/index.html#respond</comments>
		
		<dc:creator><![CDATA[Mali Live]]></dc:creator>
		<pubDate>Fri, 05 Aug 2022 09:54:05 +0000</pubDate>
				<category><![CDATA[Politique]]></category>
		<category><![CDATA[Afrique]]></category>
		<guid isPermaLink="false">./../../../index.html?p=923</guid>

					<description><![CDATA[Après plusieurs jours de manifestations sanglantes contre la Mission des nations unies en République démocratique...]]></description>
										<content:encoded><![CDATA[<p>Apr&egrave;s plusieurs jours de manifestations sanglantes contre la Mission des nations unies en R&eacute;publique d&eacute;mocratique du Congo ( Monusco), les autorit&eacute;s congolaises ont choisi de durcir le ton. Dans un courrier dat&eacute; du 28 juillet, le ministre congolais des Affaires &eacute;trang&egrave;res a r&eacute;clam&eacute; l&rsquo;expulsion du porte-parole de la Monusco, dont la pr&eacute;sence sur le territoire national n&rsquo;est, selon les autorit&eacute;s,&laquo;...</p>
<p><a href="./../../../2022/08/05/rdc-la-population-exige-une-date-pour-le-depart-de-la-monusco/index.html" rel="nofollow">Source</a></p>]]></content:encoded>
					
					<wfw:commentRss>./../../../2022/08/05/rdc-la-population-exige-une-date-pour-le-depart-de-la-monusco/feed/index.html</wfw:commentRss>
			<slash:comments>0</slash:comments>
		
		
			</item>
	</channel>
</rss>
