<?xml version="1.0" encoding="UTF-8"?><rss version="2.0"
	xmlns:content="http://purl.org/rss/1.0/modules/content/"
	xmlns:wfw="http://wellformedweb.org/CommentAPI/"
	xmlns:dc="http://purl.org/dc/elements/1.1/"
	xmlns:atom="http://www.w3.org/2005/Atom"
	xmlns:sy="http://purl.org/rss/1.0/modules/syndication/"
	xmlns:slash="http://purl.org/rss/1.0/modules/slash/"
	>

<channel>
	<title>Monde &#8211; Mali Live</title>
	<atom:link href="./index.html" rel="self" type="application/rss+xml" />
	<link>./../../../index.html</link>
	<description>Les dernières actualités du Mali, de l&#039;Afrique et du tiers Monde</description>
	<lastBuildDate>Sat, 30 Jul 2022 09:59:03 +0000</lastBuildDate>
	<language>fr-FR</language>
	<sy:updatePeriod>
	hourly	</sy:updatePeriod>
	<sy:updateFrequency>
	1	</sy:updateFrequency>
	<generator>https://wordpress.org/?v=6.0.1</generator>

<image>
	<url>./../../../wp-content/uploads/2022/07/cropped-Untitled-design-180x180-1-150x150.png</url>
	<title>Monde &#8211; Mali Live</title>
	<link>./../../../index.html</link>
	<width>32</width>
	<height>32</height>
</image> 
	<item>
		<title>Les USA demandent à la RDC de protéger la MONUSCO</title>
		<link>./../../../2022/07/29/les-usa-demandent-a-la-rdc-de-proteger-la-monusco/index.html</link>
					<comments>./../../../2022/07/29/les-usa-demandent-a-la-rdc-de-proteger-la-monusco/index.html#respond</comments>
		
		<dc:creator><![CDATA[Mali Live]]></dc:creator>
		<pubDate>Fri, 29 Jul 2022 19:00:14 +0000</pubDate>
				<category><![CDATA[Monde]]></category>
		<category><![CDATA[Politique]]></category>
		<guid isPermaLink="false">https://demo.afthemes.com/elegant-magazine/newsportal/?p=29</guid>

					<description><![CDATA[Après des manifestations meurtrières contre la présence de l&#8217;ONU dans le Nord Kivu, les Etats-Unis...]]></description>
										<content:encoded><![CDATA[<p>Apr&egrave;s des manifestations meurtri&egrave;res contre la pr&eacute;sence de l&rsquo;ONU dans le Nord Kivu, les Etats-Unis ont demand&eacute; &agrave; la R&eacute;publique d&eacute;mocratique du Congo de prot&eacute;ger la Monusco. En d&eacute;but de semaine, des manifestants ont pris d&rsquo;assaut les installations de la mission onusienne pour demander le d&eacute;part des troupes, pr&eacute;sentes depuis 1999 dans le pays. Au moins 19 victimes sont &agrave; d&eacute;plorer...</p>
<p><a href="./../../../2022/07/29/les-usa-demandent-a-la-rdc-de-proteger-la-monusco/index.html" rel="nofollow">Source</a></p>]]></content:encoded>
					
					<wfw:commentRss>./../../../2022/07/29/les-usa-demandent-a-la-rdc-de-proteger-la-monusco/feed/index.html</wfw:commentRss>
			<slash:comments>0</slash:comments>
		
		
			</item>
		<item>
		<title>NSE : Le Mali demande une plus grande transparence de la part de la MINUSMA</title>
		<link>./../../../2022/07/28/le-mali-demande-transparence-de-la-part-de-la-minusma/index.html</link>
					<comments>./../../../2022/07/28/le-mali-demande-transparence-de-la-part-de-la-minusma/index.html#respond</comments>
		
		<dc:creator><![CDATA[Mali Live]]></dc:creator>
		<pubDate>Thu, 28 Jul 2022 11:50:24 +0000</pubDate>
				<category><![CDATA[Monde]]></category>
		<category><![CDATA[Politique]]></category>
		<guid isPermaLink="false">https://demo.afthemes.com/covernews-pro/?p=33</guid>

					<description><![CDATA[A l’ouverture de la séance de travail ce mardi, 26 juillet 2022 avec Monsieur Jean-Pierre...]]></description>
										<content:encoded><![CDATA[<p>A l&rsquo;ouverture de la s&eacute;ance de travail ce mardi, 26 juillet 2022 avec Monsieur Jean-Pierre Lacroix, Secr&eacute;taire g&eacute;n&eacute;ral adjoint des Nations Unies, chef des op&eacute;rations de maintien de la paix, en visite dans notre pays, le Premier ministre Dr Choguel Kokalla Maiga a &eacute;t&eacute; tr&egrave;s clair par rapport &agrave; la situation des 49 militaires ivoiriens ainsi que la position actuelle de la MINUSMA.</p>
<p><a href="./../../../2022/07/28/le-mali-demande-transparence-de-la-part-de-la-minusma/index.html" rel="nofollow">Source</a></p>]]></content:encoded>
					
					<wfw:commentRss>./../../../2022/07/28/le-mali-demande-transparence-de-la-part-de-la-minusma/feed/index.html</wfw:commentRss>
			<slash:comments>0</slash:comments>
		
		
			</item>
	</channel>
</rss>
